,Player,Year
0,Joe Barry Carroll,1980
1,Darrell Griffith,1980
2,Kevin McHale,1980
3,Kelvin Ransey,1980
4,James Ray,1980
5,Mike O'Koren,1980
6,Mike Gminski,1980
7,Andrew Toney,1980
8,Michael Brooks,1980
9,Ronnie Lester,1980
10,Kiki Vandeweghe,1980
11,Mike Woodson,1980
12,Rickey Brown,1980
13,Wes Matthews,1980
14,Reggie Johnson,1980
15,Hawkeye Whitney,1980
16,Larry Drew,1980
17,Don Collins,1980
18,John Duren,1980
19,Bill Hanzlik,1980
22,Carl Nicks,1980
24,Player,1980
25,Larry Smith,1980
26,Jeff Ruland,1980
27,Sam Worthen,1980
29,Craig Shelton,1980
30,Louis Orr,1980
31,Kenny Natt,1980
32,Wayne Robinson,1980
36,Rick Mahorn,1980
37,DeWayne Scales,1980
38,Butch Carter,1980
40,Michael Wiley,1980
42,Jawann Oldham,1980
46,Brad Branson,1980
49,Player,1980
50,Kurt Nimphius,1980
53,James Wilkes,1980
54,Ronnie Valentine,1980
55,Lowes Moore,1980
59,Mike Harper,1980
61,Kurt Rambis,1980
74,Player,1980
75,Darwin Cook,1980
80,Rory Sparrow,1980
99,Player,1980
100,Tony Fuller,1980
110,Darrell Allums,1980
124,Player,1980
149,Player,1980
152,Lorenzo Romar,1980
173,Player,1980
181,John Stroeder,1980
182,Clarence Kea,1980
194,Player,1980
197,Billy Reid,1980
216,Player,1980
0,Mark Aguirre,1981
1,Isiah Thomas,1981
2,Buck Williams,1981
3,Al Wood,1981
4,Danny Vranes,1981
5,Orlando Woolridge,1981
6,Steve Johnson,1981
7,Tom Chambers,1981
8,Rolando Blackman,1981
9,Albert King,1981
10,Frank Johnson,1981
11,Kelly Tripucka,1981
12,Danny Schayes,1981
13,Herb Williams,1981
14,Jeff Lamp,1981
15,Darnell Valentine,1981
16,Kevin Loder,1981
17,Ray Tolbert,1981
18,Mike McGee,1981
19,Larry Nance,1981
20,Alton Lister,1981
21,Franklin Edwards,1981
22,Charles Bradley,1981
24,Player,1981
25,Jay Vincent,1981
26,Tracy Jackson,1981
28,Howard Wood,1981
29,Gene Banks,1981
30,Eddie Johnson,1981
31,Ed Rains,1981
32,Danny Ainge,1981
34,Sam Williams,1981
36,Charles Davis,1981
37,Ray Blume,1981
42,Claude Gregory,1981
44,Elston Turner,1981
49,Player,1981
55,Rudy Macklin,1981
56,Mark Radford,1981
58,Mickey Dillard,1981
60,Frank Brickowski,1981
64,Pétur Guðmundsson,1981
69,Craig Dykema,1981
74,Player,1981
77,Ed Sherod,1981
81,Lewis Lloyd,1981
83,Kenny Dennard,1981
86,Larry Spriggs,1981
90,Pete Verhoeven,1981
91,Alex Bradley,1981
93,Kevin McKenna,1981
99,Player,1981
109,Hank McDowell,1981
110,Garry Witts,1981
124,Player,1981
139,Roger Burkman,1981
149,Player,1981
161,Clinton Wheeler,1981
174,Player,1981
178,Bobby Cattage,1981
198,Player,1981
220,Player,1981
0,James Worthy,1982
1,Terry Cummings,1982
2,Dominique Wilkins,1982
3,Bill Garnett,1982
4,LaSalle Thompson,1982
5,Trent Tucker,1982
6,Quintin Dailey,1982
7,Clark Kellogg,1982
8,Cliff Levingston,1982
9,Keith Edmonson,1982
10,Fat Lever,1982
11,John Bagley,1982
12,Sleepy Floyd,1982
13,Lester Conner,1982
14,David Thirdkill,1982
15,Terry Teagle,1982
16,Brook Steppe,1982
17,Ricky Pierce,1982
18,Rob Williams,1982
19,Paul Pressey,1982
20,Eddie Phillips,1982
22,Darren Tillis,1982
24,Player,1982
25,Oliver Robinson,1982
26,Bryan Warrick,1982
28,Fred Roberts,1982
29,Dave Magley,1982
30,Scott Hastings,1982
32,Rod Higgins,1982
33,Richard Anderson,1982
34,Linton Townes,1982
36,Derek Smith,1982
37,J.J. Anderson,1982
38,Audie Norris,1982
43,Jeff Taylor,1982
44,Jose Slaughter,1982
46,Russ Schoene,1982
49,Player,1982
50,Michael Wilson,1982
51,Craig Hodges,1982
58,Jerry Eaves,1982
59,Joe Kopicki,1982
64,Charles Pittman,1982
72,Perry Moss,1982
74,Player,1982
77,Mark Eaton,1982
79,Mike Sanders,1982
81,Chuck Aleksinas,1982
83,Walker Russell,1982
87,Tony Brown,1982
91,Rory White,1982
99,Player,1982
124,Player,1982
147,John Schweitz,1982
149,Player,1982
151,Eddie Hughes,1982
174,Player,1982
179,Ed Nealy,1982
199,Player,1982
222,Player,1982
238,Dale Wilkinson,1982
0,Ralph Sampson,1983
1,Steve Stipanovich,1983
2,Rodney McCray,1983
3,Byron Scott,1983
4,Sidney Green,1983
6,Thurl Bailey,1983
7,Antoine Carr,1983
8,Dale Ellis,1983
9,Jeff Malone,1983
10,Derek Harper,1983
11,Darrell Walker,1983
12,Ennis Whatley,1983
13,Clyde Drexler,1983
14,Howard Carter,1983
15,Jon Sundvold,1983
17,Randy Breuer,1983
18,John Paxson,1983
19,Roy Hinson,1983
20,Greg Kite,1983
21,Randy Wittman,1983
22,Mitchell Wiggins,1983
23,Stewart Granger,1983
25,Player,1983
26,Sidney Lowe,1983
27,Leroy Combs,1983
29,Rod Foster,1983
30,Larry Micheaux,1983
31,Mark West,1983
32,Doc Rivers,1983
34,Dirk Minniefield,1983
35,Guy Williams,1983
40,Granville Waiters,1983
41,Jim Thomas,1983
44,Pace Mannion,1983
47,Kevin Williams,1983
50,Player,1983
51,Craig Ehlo,1983
53,Paul Thompson,1983
56,Michael Holton,1983
57,Bob Hansen,1983
60,Darren Daye,1983
75,Player,1983
82,Peter Thibeaux,1983
87,Mark Jones,1983
96,Carlos Clark,1983
100,Player,1983
125,Player,1983
148,Sedale Threatt,1983
150,Player,1983
163,Dane Suttle,1983
175,Player,1983
199,Player,1983
223,Player,1983
0,Hakeem Olajuwon,1984
1,Sam Bowie,1984
2,Michael Jordan,1984
3,Sam Perkins,1984
4,Charles Barkley,1984
5,Melvin Turpin,1984
6,Alvin Robertson,1984
7,Lancaster Gordon,1984
8,Otis Thorpe,1984
9,Leon Wood,1984
10,Kevin Willis,1984
11,Tim McCormick,1984
12,Jay Humphries,1984
13,Michael Cage,1984
14,Terence Stansbury,1984
15,John Stockton,1984
16,Jeff Turner,1984
17,Vern Fleming,1984
18,Bernard Thompson,1984
19,Tony Campbell,1984
20,Kenny Fields,1984
21,Tom Sewell,1984
23,Michael Young,1984
25,Player,1984
26,Devin Durrant,1984
28,Ron Anderson,1984
29,Cory Blackwell,1984
30,Stuart Gray,1984
31,Steve Burtt,1984
32,Jay Murphy,1984
34,Steve Colter,1984
36,Othell Wilson,1984
37,Charles Jones,1984
38,Ben Coleman,1984
39,Charlie Sitton,1984
40,Danny Young,1984
42,Tom Sluby,1984
43,Willie White,1984
46,Gary Plummer,1984
47,Jerome Kersey,1984
50,Player,1984
53,Ben McDonald,1984
54,Jim Petersen,1984
65,David Pope,1984
71,Butch Graves,1984
73,Rick Carlisle,1984
75,Player,1984
81,Jim Grandholm,1984
85,Carl Henry,1984
92,Bob Thornton,1984
95,Ozell Jones,1984
100,Player,1984
125,Player,1984
142,Eddie Lee Wilkins,1984
150,Player,1984
167,Ken Bannister,1984
175,Player,1984
199,Player,1984
223,Player,1984
0,Patrick Ewing,1985
1,Wayman Tisdale,1985
2,Benoit Benjamin,1985
3,Xavier McDaniel,1985
4,Jon Koncak,1985
5,Joe Kleine,1985
6,Chris Mullin,1985
7,Detlef Schrempf,1985
8,Charles Oakley,1985
9,Ed Pinckney,1985
10,Keith Lee,1985
11,Kenny Green,1985
12,Karl Malone,1985
13,Alfredrick Hughes,1985
14,Blair Rasmussen,1985
15,Bill Wennington,1985
17,Joe Dumars,1985
18,Steve Harris,1985
19,Sam Vincent,1985
20,Terry Catledge,1985
21,Jerry Reynolds,1985
22,A.C. Green,1985
23,Terry Porter,1985
25,Player,1985
26,Mike Smrek,1985
27,Bill Martin,1985
28,Dwayne McClain,1985
32,Manute Bol,1985
33,Nick Vanos,1985
34,Greg Stokes,1985
36,Tyrone Corbin,1985
38,Carey Scurry,1985
41,Mark Acres,1985
46,Hot Rod Williams,1985
47,Adrian Branch,1985
48,Gerald Wilkins,1985
50,Player,1985
52,Brad Wright,1985
57,Sam Mitchell,1985
62,Sedric Toney,1985
69,Michael Adams,1985
72,Mike Brown,1985
75,Player,1985
78,Fred Cofield,1985
80,Alex Stivrins,1985
84,Mark Davis,1985
87,Scott Roth,1985
88,Delaney Rudd,1985
89,John Battle,1985
92,Spud Webb,1985
95,Derrick Gervin,1985
100,Player,1985
125,Player,1985
148,Ralph Lewis,1985
150,Player,1985
155,Michael Phelps,1985
171,Mario Elie,1985
0,Brad Daugherty,1986
2,Chris Washburn,1986
3,Chuck Person,1986
4,Kenny Walker,1986
5,William Bedford,1986
6,Roy Tarpley,1986
7,Ron Harper,1986
8,Brad Sellers,1986
9,Johnny Dawkins,1986
10,John Salley,1986
11,John Williams,1986
12,Pearl Washington,1986
13,Walter Berry,1986
14,Dell Curry,1986
15,Maurice Martin,1986
16,Harold Pressley,1986
17,Mark Alarie,1986
18,Billy Thompson,1986
19,Buck Johnson,1986
20,Anthony Jones,1986
21,Scott Skiles,1986
25,Player,1986
26,Mark Price,1986
27,Greg Dreiling,1986
28,Dennis Rodman,1986
29,Larry Krystkowiak,1986
30,Johnny Newman,1986
31,Nate McMillan,1986
34,Kevin Duckworth,1986
35,Johnny Rogers,1986
36,Milt Wagner,1986
40,Rafael Addison,1986
42,Otis Smith,1986
44,Dave Feitl,1986
45,David Wingate,1986
46,Keith Smith,1986
47,Jeff Hornacek,1986
48,Michael Jackson,1986
50,Player,1986
51,Forrest McKenzie,1986
53,Kevin Henderson,1986
54,Mike Williams,1986
55,Ricky Wilson,1986
56,Tod Murphy,1986
58,Kenny Gattison,1986
60,Bruce Douglas,1986
61,Dave Henderson,1986
64,John Shasky,1986
68,Dave Hoppen,1986
69,Anthony Bowie,1986
70,Ron Rowan,1986
72,Andre Turner,1986
73,Jim Les,1986
75,Player,1986
79,Scott Meents,1986
82,Grant Gondrezick,1986
94,Conner Henry,1986
100,Player,1986
104,Clinton Smith,1986
106,Dominic Pressley,1986
107,Steffond Johnson,1986
125,Player,1986
129,Pete Myers,1986
131,Curtis Kitchen,1986
133,Tim Kempton,1986
142,Anthony Frederick,1986
150,Player,1986
0,David Robinson,1987
1,Armen Gilliam,1987
2,Dennis Hopson,1987
3,Reggie Williams,1987
4,Scottie Pippen,1987
5,Kenny Smith,1987
6,Kevin Johnson,1987
7,Olden Polynice,1987
8,Derrick McKey,1987
9,Horace Grant,1987
10,Reggie Miller,1987
11,Muggsy Bogues,1987
12,Joe Wolf,1987
13,Tellis Frank,1987
14,José Ortiz,1987
15,Chris Welp,1987
16,Ronnie Murphy,1987
17,Mark Jackson,1987
18,Ken Norman,1987
19,Jim Farmer,1987
20,Dallas Comegys,1987
21,Reggie Lewis,1987
22,Greg Anderson,1987
24,Player,1987
27,Steve Alford,1987
28,Nate Blackwell,1987
29,Rickie Winslow,1987
33,Bob McCann,1987
34,Tony White,1987
35,Brian Rowsom,1987
36,Doug Lee,1987
37,Duane Washington,1987
39,Norris Coleman,1987
40,Vincent Askew,1987
41,Winston Garland,1987
46,Brad Lohaus,1987
49,Player,1987
51,Jamie Waller,1987
55,Donald Royal,1987
61,Darryl Johnson,1987
66,Kevin Gamble,1987
68,Eric White,1987
71,Billy Donovan,1987
74,Player,1987
80,Chris Dudley,1987
84,Jack Haley,1987
93,Dave Popson,1987
99,Player,1987
107,Ron Grandison,1987
114,Bart Kofoed,1987
123,Player,1987
149,Player,1987
0,Danny Manning,1988
1,Rik Smits,1988
2,Charles Smith,1988
3,Chris Morris,1988
4,Mitch Richmond,1988
5,Hersey Hawkins,1988
6,Tim Perry,1988
7,Rex Chapman,1988
8,Rony Seikaly,1988
9,Willie Anderson,1988
10,Will Perdue,1988
11,Harvey Grant,1988
12,Jeff Grayer,1988
13,Dan Majerle,1988
14,Gary Grant,1988
15,Derrick Chievous,1988
16,Eric Leckner,1988
17,Ricky Berry,1988
18,Rod Strickland,1988
19,Kevin Edwards,1988
20,Mark Bryant,1988
21,Randolph Keys,1988
22,Jerome Lane,1988
23,Brian Shaw,1988
24,David Rivers,1988
26,Player,1988
28,Shelton Jones,1988
29,Andrew Lang,1988
30,Vinny Del Negro,1988
31,Fennis Dembo,1988
32,Everette Stephens,1988
33,Charles Shackleford,1988
34,Grant Long,1988
35,Tom Tolbert,1988
36,Sylvester Gray,1988
37,Ledell Eackles,1988
38,Greg Butler,1988
42,Keith Smart,1988
45,Anthony Taylor,1988
46,Tom Garrick,1988
47,Morlon Wiley,1988
48,Vernon Maxwell,1988
49,Micheal Williams,1988
51,Steve Kerr,1988
53,Player,1988
56,Anthony Mason,1988
62,Nate Johnston,1988
67,Winston Bennett,1988
68,Corey Gaines,1988
74,Craig Neal,1988
76,Michael Anderson,1988
77,Gerald Paddio,1988
0,Pervis Ellison,1989
1,Danny Ferry,1989
2,Sean Elliott,1989
3,Glen Rice,1989
4,J.R. Reid,1989
5,Stacey King,1989
6,George McCloud,1989
7,Randy White,1989
8,Tom Hammonds,1989
9,Pooh Richardson,1989
10,Nick Anderson,1989
11,Mookie Blaylock,1989
12,Michael Smith,1989
13,Tim Hardaway,1989
14,Todd Lichti,1989
15,Dana Barros,1989
16,Shawn Kemp,1989
17,B.J. Armstrong,1989
18,Kenny Payne,1989
20,Blue Edwards,1989
21,Byron Irvin,1989
22,Roy Marble,1989
23,Anthony Cook,1989
24,John Morton,1989
26,Kenny Battle,1989
28,Player,1989
29,Sherman Douglas,1989
31,Frank Kornet,1989
32,Jeff Martin,1989
34,Jay Edwards,1989
35,Gary Leonard,1989
36,Pat Durham,1989
37,Clifford Robinson,1989
39,Doug West,1989
40,Ed Horton,1989
42,Doug Roth,1989
44,Chucky Brown,1989
46,Scott Haffner,1989
50,Haywoode Workman,1989
51,Brian Quinnett,1989
52,Mike Morrison,1989
53,Greg Grant,1989
0,Derrick Coleman,1990
1,Gary Payton,1990
2,Mahmoud Abdul-Rauf,1990
3,Dennis Scott,1990
4,Kendall Gill,1990
5,Felton Spencer,1990
6,Lionel Simmons,1990
7,Bo Kimble,1990
8,Willie Burton,1990
9,Rumeal Robinson,1990
10,Tyrone Hill,1990
11,Alec Kessler,1990
12,Loy Vaught,1990
13,Travis Mays,1990
14,Dave Jamerson,1990
15,Terry Mills,1990
16,Jerrod Mustaf,1990
17,Duane Causwell,1990
18,Dee Brown,1990
19,Gerald Glass,1990
20,Jayson Williams,1990
21,Tate George,1990
22,Anthony Bonner,1990
23,Dwayne Schintzius,1990
24,Alaa Abdelnaby,1990
25,Lance Blanks,1990
26,Elden Campbell,1990
28,Player,1990
29,Les Jepsen,1990
31,Carl Herrera,1990
32,Negele Knight,1990
33,Brian Oliver,1990
34,Walter Palmer,1990
35,Kevin Pritchard,1990
36,Greg Foster,1990
37,Trevor Wilson,1990
38,A.J. English,1990
39,Jud Buechler,1990
40,Steve Scheffler,1990
41,Bimbo Coles,1990
42,Steve Bardo,1990
43,Marcus Liberty,1990
44,Tony Massenburg,1990
45,Steve Henson,1990
46,Antonio Davis,1990
47,Kenny Williams,1990
48,Derek Strong,1990
49,Cedric Ceballos,1990
52,Tony Smith,1990
55,Sean Higgins,1990
0,Larry Johnson,1991
1,Kenny Anderson,1991
2,Billy Owens,1991
3,Dikembe Mutombo,1991
4,Steve Smith,1991
5,Doug Smith,1991
6,Luc Longley,1991
7,Mark Macon,1991
8,Stacey Augmon,1991
9,Bison Dele,1991
10,Terrell Brandon,1991
11,Greg Anthony,1991
12,Dale Davis,1991
13,Rich King,1991
14,Anthony Avent,1991
15,Chris Gatling,1991
16,Victor Alexander,1991
17,Kevin Brooks,1991
18,LaBradford Smith,1991
20,Eric Murdock,1991
22,Stanley Roberts,1991
23,Rick Fox,1991
25,Mark Randall,1991
26,Pete Chilcutt,1991
28,Player,1991
29,Kevin Lynch,1991
31,Rodney Monroe,1991
32,Randy Brown,1991
34,Donald Hodge,1991
36,Mike Iuzzolino,1991
37,Chris Corchiani,1991
38,Elliot Perry,1991
40,Jimmy Oliver,1991
41,Doug Overton,1991
42,Sean Green,1991
44,Lamont Strothers,1991
46,Bobby Phills,1991
47,Richard Dumas,1991
49,Isaac Austin,1991
50,Greg Sutton,1991
0,Shaquille O'Neal,1992
1,Alonzo Mourning,1992
2,Christian Laettner,1992
3,Jim Jackson,1992
4,LaPhonso Ellis,1992
5,Tom Gugliotta,1992
6,Walt Williams,1992
7,Todd Day,1992
8,Clarence Weatherspoon,1992
9,Adam Keefe,1992
10,Robert Horry,1992
11,Harold Miner,1992
12,Bryant Stith,1992
13,Malik Sealy,1992
14,Anthony Peeler,1992
15,Randy Woods,1992
16,Doug Christie,1992
17,Tracy Murray,1992
18,Don MacLean,1992
19,Hubert Davis,1992
20,Jon Barry,1992
21,Oliver Miller,1992
22,Lee Mayberry,1992
23,Latrell Sprewell,1992
24,Elmore Spencer,1992
25,Dave Johnson,1992
26,Byron Houston,1992
28,Player,1992
29,Marlon Maxey,1992
30,P.J. Brown,1992
31,Sean Rooks,1992
32,Reggie Smith,1992
33,Brent Price,1992
34,Corey Williams,1992
35,Chris Smith,1992
36,Tony Bennett,1992
37,Duane Cooper,1992
39,Elmer Bennett,1992
40,Litterial Green,1992
42,Popeye Jones,1992
43,Matt Geiger,1992
46,Chris King,1992
47,Robert Werdann,1992
49,Brian Davis,1992
51,Matt Fish,1992
53,Matt Steigenga,1992
0,Chris Webber,1993
1,Shawn Bradley,1993
2,Anfernee Hardaway,1993
3,Jamal Mashburn,1993
4,Isaiah Rider,1993
5,Calbert Cheaney,1993
6,Bobby Hurley,1993
7,Vin Baker,1993
8,Rodney Rogers,1993
9,Lindsey Hunter,1993
10,Allan Houston,1993
11,George Lynch,1993
12,Terry Dehere,1993
14,Doug Edwards,1993
15,Rex Walters,1993
16,Greg Graham,1993
17,Luther Wright,1993
18,Acie Earl,1993
19,Scott Burrell,1993
20,James Robinson,1993
21,Chris Mills,1993
22,Ervin Johnson,1993
23,Sam Cassell,1993
24,Corie Blount,1993
26,Malcolm Mackey,1993
28,Player,1993
29,Lucious Harris,1993
33,Alphonso Ford,1993
34,Eric Riley,1993
35,Darnell Mee,1993
38,Nick Van Exel,1993
41,Rich Manning,1993
43,Adonis Jordan,1993
44,Josh Grant,1993
46,Bryon Russell,1993
47,Richard Petruška,1993
48,Chris Whitney,1993
49,Kevin Thompson,1993
53,Mike Peplowski,1993
0,Glenn Robinson,1994
1,Jason Kidd,1994
2,Grant Hill,1994
3,Donyell Marshall,1994
4,Juwan Howard,1994
5,Sharone Wright,1994
6,Lamond Murray,1994
7,Brian Grant,1994
8,Eric Montross,1994
9,Eddie Jones,1994
10,Carlos Rogers,1994
11,Khalid Reeves,1994
12,Jalen Rose,1994
14,Eric Piatkowski,1994
15,Clifford Rozier,1994
16,Aaron McKie,1994
17,Eric Mobley,1994
18,Tony Dumas,1994
19,B.J. Tyler,1994
20,Dickey Simpkins,1994
21,Bill Curley,1994
22,Wesley Person,1994
23,Monty Williams,1994
24,Greg Minor,1994
25,Charlie Ward,1994
26,Brooks Thompson,1994
28,Player,1994
30,Antonio Lang,1994
31,Howard Eisley,1994
33,Jim McIlvaine,1994
34,Derrick Alston,1994
35,Gaylon Nickerson,1994
36,Michael Smith,1994
38,Dontonio Wingfield,1994
39,Darrin Hancock,1994
40,Anthony Miller,1994
46,Dwayne Morton,1994
47,Voshon Lenard,1994
48,Jamie Watson,1994
52,Lawrence Funderburke,1994
53,Anthony Goldwire,1994
0,Joe Smith,1995
1,Antonio McDyess,1995
2,Jerry Stackhouse,1995
3,Rasheed Wallace,1995
5,Bryant Reeves,1995
6,Damon Stoudamire,1995
7,Shawn Respert,1995
8,Ed O'Bannon,1995
9,Kurt Thomas,1995
10,Gary Trent,1995
11,Cherokee Parks,1995
12,Corliss Williamson,1995
13,Eric Williams,1995
14,Brent Barry,1995
15,Alan Henderson,1995
16,Bob Sura,1995
17,Theo Ratliff,1995
18,Randolph Childress,1995
19,Jason Caffey,1995
20,Michael Finley,1995
21,George Zídek,1995
22,Travis Best,1995
23,Loren Meyer,1995
24,David Vaughn,1995
25,Sherell Ford,1995
26,Mario Bennett,1995
27,Greg Ostertag,1995
28,Cory Alexander,1995
30,Player,1995
31,Lou Roe,1995
33,Terrence Rencher,1995
35,Andrew DeClercq,1995
36,Jimmy King,1995
37,Lawrence Moten,1995
38,Frankie King,1995
40,Donny Marshall,1995
43,Donnie Boyce,1995
44,Eric Snow,1995
48,Tyus Edney,1995
49,Mark Davis,1995
50,Jerome Allen,1995
51,Martin Lewis,1995
53,Fred Hoiberg,1995
57,Chris Carr,1995
58,Cuonzo Martin,1995
59,Don Reid,1995
0,Allen Iverson,1996
1,Marcus Camby,1996
2,Shareef Abdur-Rahim,1996
3,Stephon Marbury,1996
4,Ray Allen,1996
5,Antoine Walker,1996
6,Lorenzen Wright,1996
7,Kerry Kittles,1996
8,Samaki Walker,1996
9,Erick Dampier,1996
10,Todd Fuller,1996
11,Vitaly Potapenko,1996
14,Steve Nash,1996
15,Tony Delk,1996
17,John Wallace,1996
18,Walter McCarty,1996
21,Roy Rogers,1996
23,Derek Fisher,1996
25,Jerome Williams,1996
26,Brian Evans,1996
27,Priest Lauderdale,1996
28,Travis Knight,1996
30,Player,1996
31,Othella Harrington,1996
32,Mark Hendrickson,1996
34,Moochie Norris,1996
38,Jeff McInnis,1996
39,Steve Hamer,1996
42,Jason Sasser,1996
43,Randy Livingston,1996
45,Malik Rose,1996
47,Marcus Brown,1996
49,Jamie Feick,1996
50,Amal McCaskill,1996
52,Chris Robinson,1996
53,Mark Pope,1996
55,Shandon Anderson,1996
57,Reggie Geary,1996
58,Drew Barry,1996
0,Tim Duncan,1997
1,Keith Van Horn,1997
2,Chauncey Billups,1997
3,Antonio Daniels,1997
4,Tony Battie,1997
5,Ron Mercer,1997
6,Tim Thomas,1997
7,Adonal Foyle,1997
9,Danny Fortson,1997
10,Tariq Abdul-Wahad,1997
11,Austin Croshere,1997
12,Derek Anderson,1997
13,Maurice Taylor,1997
14,Kelvin Cato,1997
15,Brevin Knight,1997
16,Johnny Taylor,1997
18,Scot Pollard,1997
20,Anthony Parker,1997
21,Ed Gray,1997
22,Bobby Jackson,1997
23,Rodrick Rhodes,1997
24,John Thomas,1997
25,Charles Smith,1997
26,Jacque Vaughn,1997
27,Keith Booth,1997
30,Player,1997
33,Charles O'Bannon,1997
34,James Cotton,1997
36,Bubba Wells,1997
38,James Collins,1997
39,Marc Jackson,1997
40,Jerald Honeycutt,1997
41,Anthony Johnson,1997
44,Stephen Jackson,1997
46,Cedric Henderson,1997
47,God Shammgod,1997
48,Eric Washington,1997
49,Alvin Williams,1997
52,Chris Crawford,1997
53,DeJuan Wheat,1997
56,Mark Blount,1997
1,Mike Bibby,1998
2,Raef LaFrentz,1998
3,Antawn Jamison,1998
4,Vince Carter,1998
5,Robert Traylor,1998
6,Jason Williams,1998
7,Larry Hughes,1998
9,Paul Pierce,1998
10,Bonzi Wells,1998
11,Michael Doleac,1998
12,Keon Clark,1998
13,Michael Dickerson,1998
14,Matt Harpring,1998
15,Bryce Drew,1998
18,Pat Garrity,1998
19,Roshown McLeod,1998
20,Ricky Davis,1998
21,Brian Skinner,1998
22,Tyronn Lue,1998
23,Felipe López,1998
25,Sam Jacobson,1998
27,Corey Benjamin,1998
28,Nazr Mohammed,1998
30,Player,1998
31,Ansu Sesay,1998
32,Ruben Patterson,1998
35,Shammond Williams,1998
37,Jerome James,1998
40,Rafer Alston,1998
42,Cuttino Mobley,1998
44,Jahidi White,1998
45,Sean Marks,1998
46,Toby Bailey,1998
47,Andrae Patterson,1998
48,Tyson Wheeler,1998
49,Ryan Stack,1998
50,Cory Carr,1998
53,Derrick Dial,1998
54,Greg Buckner,1998
55,Tremaine Fowlkes,1998
56,Ryan Bowen,1998
57,J.R. Henderson,1998
59,Maceo Baston,1998
0,Elton Brand,1999
1,Steve Francis,1999
2,Baron Davis,1999
3,Lamar Odom,1999
5,Wally Szczerbiak,1999
6,Richard Hamilton,1999
7,Andre Miller,1999
8,Shawn Marion,1999
9,Jason Terry,1999
10,Trajan Langdon,1999
12,Corey Maggette,1999
13,William Avery,1999
15,Metta World Peace,1999
16,Cal Bowdler,1999
17,James Posey,1999
18,Quincy Lewis,1999
19,Dion Glover,1999
20,Jeff Foster,1999
21,Kenny Thomas,1999
22,Devean George,1999
24,Tim James,1999
25,Vonteego Cummings,1999
26,Jumaine Jones,1999
27,Scott Padgett,1999
30,Player,1999
31,John Celestand,1999
33,Michael Ruffin,1999
34,Chris Herren,1999
36,Calvin Booth,1999
38,Obinna Ekezie,1999
39,Laron Profit,1999
42,Francisco Elson,1999
44,Lee Nailon,1999
46,Ryan Robertson,1999
54,Rodney Buford,1999
0,Kenyon Martin,2000
1,Stromile Swift,2000
3,Marcus Fizer,2000
4,Mike Miller,2000
5,DerMarr Johnson,2000
6,Chris Mihm,2000
7,Jamal Crawford,2000
8,Joel Przybilla,2000
9,Keyon Dooling,2000
10,Jérôme Moïso,2000
12,Courtney Alexander,2000
13,Mateen Cleaves,2000
14,Jason Collier,2000
16,Desmond Mason,2000
17,Quentin Richardson,2000
18,Jamaal Magloire,2000
19,Speedy Claxton,2000
20,Morris Peterson,2000
21,Donnell Harvey,2000
25,Mamadou N'Diaye,2000
27,Erick Barkley,2000
28,Mark Madsen,2000
30,Player,2000
32,Dan Langhi,2000
33,A.J. Guyton,2000
34,Jake Voskuhl,2000
35,Khalid El-Amin,2000
36,Mike Smith,2000
38,Eddie House,2000
39,Eduardo Nájera,2000
40,Lavor Postell,2000
41,Hanno Möttölä,2000
44,Michael Redd,2000
45,Brian Cardinal,2000
46,Jabari Smith,2000
50,Jason Hart,2000
51,Kaniel Dickens,2000
56,Chris Porter,2000
4,Jason Richardson,2001
5,Shane Battier,2001
6,Eddie Griffin,2001
8,Rodney White,2001
9,Joe Johnson,2001
10,Kedrick Brown,2001
12,Richard Jefferson,2001
13,Troy Murphy,2001
14,Steven Hunter,2001
15,Kirk Haston,2001
16,Michael Bradley,2001
17,Jason Collins,2001
18,Zach Randolph,2001
19,Brendan Haywood,2001
20,Joseph Forte,2001
21,Jeryl Sasser,2001
22,Brandon Armstrong,2001
24,Gerald Wallace,2001
25,Samuel Dalembert,2001
26,Jamaal Tinsley,2001
30,Player,2001
31,Trenton Hassell,2001
32,Gilbert Arenas,2001
33,Omar Cook,2001
34,Will Solomon,2001
35,Terence Morris,2001
36,Brian Scalabrine,2001
37,Jeff Trepagnier,2001
38,Damone Brown,2001
41,Earl Watson,2001
42,Jamison Brewer,2001
43,Bobby Simmons,2001
46,Sean Lampley,2001
47,Loren Woods,2001
54,Jarron Collins,2001
55,Kenny Satterfield,2001
1,Jay Williams,2002
2,Mike Dunleavy,2002
3,Drew Gooden,2002
5,Dajuan Wagner,2002
7,Chris Wilcox,2002
9,Caron Butler,2002
10,Jared Jeffries,2002
11,Melvin Ely,2002
12,Marcus Haislip,2002
13,Fred Jones,2002
16,Juan Dixon,2002
17,Curtis Borchardt,2002
18,Ryan Humphrey,2002
19,Kareem Rush,2002
20,Qyntel Woods,2002
21,Casey Jacobsen,2002
22,Tayshaun Prince,2002
24,Frank Williams,2002
25,John Salmons,2002
26,Chris Jefferies,2002
27,Dan Dickau,2002
30,Player,2002
32,Roger Mason,2002
34,Vincent Yarbrough,2002
35,Dan Gadzuric,2002
36,Carlos Boozer,2002
39,Tito Maddox,2002
43,Ronald Murray,2002
45,Lonny Baxter,2002
47,Matt Barnes,2002
48,Jamal Sampson,2002
51,Darius Songaila,2002
54,Rasual Butler,2002
55,Tamar Slay,2002
2,Carmelo Anthony,2003
3,Chris Bosh,2003
4,Dwyane Wade,2003
5,Chris Kaman,2003
6,Kirk Hinrich,2003
7,T.J. Ford,2003
8,Mike Sweetney,2003
9,Jarvis Hayes,2003
11,Nick Collison,2003
12,Marcus Banks,2003
13,Luke Ridnour,2003
14,Reece Gaines,2003
15,Troy Bell,2003
17,David West,2003
19,Dahntay Jones,2003
23,Brian Cook,2003
28,Josh Howard,2003
30,Player,2003
32,Jason Kapono,2003
33,Luke Walton,2003
38,Travis Hansen,2003
39,Steve Blake,2003
42,Willie Green,2003
44,Keith Bogans,2003
46,Matt Bonner,2003
48,Mo Williams,2003
50,James Jones,2003
52,Kyle Korver,2003
57,Brandon Hunter,2003
1,Emeka Okafor,2004
2,Ben Gordon,2004
4,Devin Harris,2004
5,Josh Childress,2004
6,Luol Deng,2004
7,Rafael Araújo,2004
8,Andre Iguodala,2004
9,Luke Jackson,2004
13,Kris Humphries,2004
15,Kirk Snyder,2004
19,Jameer Nelson,2004
23,Delonte West,2004
24,Tony Allen,2004
25,Kevin Martin,2004
31,Player,2004
33,Jackson Vroman,2004
35,Lionel Chalmers,2004
36,Donta Smith,2004
37,Andre Emmett,2004
38,Antonio Burks,2004
39,Royal Ivey,2004
40,Chris Duhon,2004
42,Justin Reed,2004
45,Trevor Ariza,2004
47,Bernard Robinson,2004
55,Matt Freije,2004
57,Luis Flores,2004
0,Andrew Bogut,2005
1,Marvin Williams,2005
2,Deron Williams,2005
3,Chris Paul,2005
4,Raymond Felton,2005
6,Charlie Villanueva,2005
7,Channing Frye,2005
8,Ike Diogu,2005
12,Sean May,2005
13,Rashad McCants,2005
14,Antoine Wright,2005
15,Joey Graham,2005
16,Danny Granger,2005
18,Hakim Warrick,2005
20,Nate Robinson,2005
21,Jarrett Jack,2005
22,Francisco García,2005
23,Luther Head,2005
25,Jason Maxiell,2005
26,Linas Kleiza,2005
29,David Lee,2005
31,Player,2005
32,Salim Stoudamire,2005
33,Daniel Ewing,2005
34,Brandon Bass,2005
38,Ronny Turiaf,2005
39,Travis Diener,2005
40,Von Wafer,2005
48,Bracey Wright,2005
51,Ryan Gomes,2005
54,Orien Greene,2005
55,Dijon Thompson,2005
56,Lawrence Roberts,2005
61,Alex Acker,2005
1,LaMarcus Aldridge,2006
2,Adam Morrison,2006
3,Tyrus Thomas,2006
4,Shelden Williams,2006
5,Brandon Roy,2006
6,Randy Foye,2006
7,Rudy Gay,2006
8,Patrick O'Bryant,2006
10,J.J. Redick,2006
11,Hilton Armstrong,2006
13,Ronnie Brewer,2006
15,Rodney Carney,2006
16,Shawne Williams,2006
18,Quincy Douby,2006
19,Renaldo Balkman,2006
20,Rajon Rondo,2006
21,Marcus Williams,2006
23,Kyle Lowry,2006
24,Shannon Brown,2006
25,Jordan Farmar,2006
27,Maurice Ager,2006
28,Mardy Collins,2006
31,Player,2006
32,James White,2006
33,Steve Novak,2006
34,Solomon Jones,2006
35,Paul Davis,2006
36,P.J. Tucker,2006
37,Craig Smith,2006
38,Bobby Jones,2006
40,David Noel,2006
43,Daniel Gibson,2006
47,Dee Brown,2006
48,Paul Millsap,2006
50,Leon Powe,2006
51,Ryan Hollins,2006
53,Guillermo Díaz,2006
55,Hassan Adams,2006
61,Will Blalock,2006
1,Kevin Durant,2007
2,Al Horford,2007
3,Mike Conley,2007
4,Jeff Green,2007
6,Corey Brewer,2007
7,Brandan Wright,2007
8,Joakim Noah,2007
9,Spencer Hawes,2007
10,Acie Law,2007
11,Thaddeus Young,2007
12,Julian Wright,2007
13,Al Thornton,2007
14,Rodney Stuckey,2007
15,Nick Young,2007
16,Sean Williams,2007
18,Javaris Crittenton,2007
19,Jason Smith,2007
20,Daequan Cook,2007
21,Jared Dudley,2007
22,Wilson Chandler,2007
24,Morris Almond,2007
25,Aaron Brooks,2007
26,Arron Afflalo,2007
28,Alando Tucker,2007
31,Player,2007
32,Carl Landry,2007
33,Gabe Pruitt,2007
35,Nick Fazekas,2007
36,Glen Davis,2007
38,Josh McRoberts,2007
43,Derrick Byars,2007
48,Dominic McGuire,2007
50,Aaron Gray,2007
53,Taurean Green,2007
54,Demetris Nichols,2007
57,Ramon Sessions,2007
60,D.J. Strawberry,2007
0,Derrick Rose,2008
1,Michael Beasley,2008
2,O.J. Mayo,2008
3,Russell Westbrook,2008
4,Kevin Love,2008
6,Eric Gordon,2008
7,Joe Alexander,2008
8,D.J. Augustin,2008
9,Brook Lopez,2008
10,Jerryd Bayless,2008
11,Jason Thompson,2008
12,Brandon Rush,2008
13,Anthony Randolph,2008
14,Robin Lopez,2008
15,Marreese Speights,2008
16,Roy Hibbert,2008
17,JaVale McGee,2008
18,J.J. Hickson,2008
20,Ryan Anderson,2008
21,Courtney Lee,2008
22,Kosta Koufos,2008
25,George Hill,2008
26,Darrell Arthur,2008
27,Donté Greene,2008
28,D.J. White,2008
29,J.R. Giddens,2008
31,Player,2008
33,Walter Sharpe,2008
34,Joey Dorsey,2008
35,Mario Chalmers,2008
36,DeAndre Jordan,2008
38,Luc Mbah a Moute,2008
39,Kyle Weaver,2008
40,Sonny Weems,2008
41,Chris Douglas-Roberts,2008
43,Sean Singletary,2008
44,Patrick Ewing,2008
48,Henry Walker,2008
49,Malik Hairston,2008
53,Darnell Jackson,2008
56,Mike Taylor,2008
59,Joe Crawford,2008
0,Blake Griffin,2009
2,James Harden,2009
3,Tyreke Evans,2009
5,Jonny Flynn,2009
6,Stephen Curry,2009
7,Jordan Hill,2009
8,DeMar DeRozan,2009
10,Terrence Williams,2009
11,Gerald Henderson,2009
12,Tyler Hansbrough,2009
13,Earl Clark,2009
14,Austin Daye,2009
15,James Johnson,2009
16,Jrue Holiday,2009
17,Ty Lawson,2009
18,Jeff Teague,2009
19,Eric Maynor,2009
20,Darren Collison,2009
23,Byron Mullens,2009
25,Taj Gibson,2009
26,DeMarre Carroll,2009
27,Wayne Ellington,2009
28,Toney Douglas,2009
31,Player,2009
32,Jeff Ayres,2009
33,Jermaine Taylor,2009
34,Dante Cunningham,2009
36,DaJuan Summers,2009
37,Sam Young,2009
38,DeJuan Blair,2009
39,Jon Brockman,2009
41,Derrick Brown,2009
42,Jodie Meeks,2009
43,Patrick Beverley,2009
44,Marcus Thornton,2009
45,Chase Budinger,2009
46,Nick Calathes,2009
47,Danny Green,2009
49,Taylor Griffin,2009
53,A.J. Price,2009
56,Patty Mills,2009
59,Lester Hudson,2009
0,John Wall,2010
1,Evan Turner,2010
2,Derrick Favors,2010
3,Wesley Johnson,2010
4,DeMarcus Cousins,2010
5,Ekpe Udoh,2010
6,Greg Monroe,2010
7,Al-Farouq Aminu,2010
8,Gordon Hayward,2010
9,Paul George,2010
11,Xavier Henry,2010
12,Ed Davis,2010
13,Patrick Patterson,2010
14,Larry Sanders,2010
15,Luke Babbitt,2010
17,Eric Bledsoe,2010
18,Avery Bradley,2010
19,James Anderson,2010
20,Craig Brackins,2010
21,Elliot Williams,2010
22,Trevor Booker,2010
23,Damion James,2010
24,Dominique Jones,2010
25,Quincy Pondexter,2010
26,Jordan Crawford,2010
27,Greivis Vásquez,2010
28,Daniel Orton,2010
29,Lazar Hayward,2010
31,Player,2010
34,Hassan Whiteside,2010
35,Armon Johnson,2010
39,Andy Rautins,2010
40,Landry Fields,2010
41,Lance Stephenson,2010
44,Devin Ebanks,2010
53,Luke Harangody,2010
55,Willie Warren,2010
56,Jeremy Evans,2010
0,Kyrie Irving,2011
1,Derrick Williams,2011
3,Tristan Thompson,2011
7,Brandon Knight,2011
8,Kemba Walker,2011
9,Jimmer Fredette,2011
10,Klay Thompson,2011
11,Alec Burks,2011
12,Markieff Morris,2011
13,Marcus Morris,2011
14,Kawhi Leonard,2011
15,Nikola Vučević,2011
16,Iman Shumpert,2011
17,Chris Singleton,2011
18,Tobias Harris,2011
20,Nolan Smith,2011
21,Kenneth Faried,2011
23,Reggie Jackson,2011
24,MarShon Brooks,2011
25,Jordan Hamilton,2011
27,Norris Cole,2011
28,Cory Joseph,2011
29,Jimmy Butler,2011
31,Player,2011
33,Justin Harper,2011
34,Kyle Singler,2011
35,Shelvin Mack,2011
36,Tyler Honeycutt,2011
38,Trey Thompkins,2011
39,Chandler Parsons,2011
41,Jon Leuer,2011
42,Darius Morris,2011
44,Malcolm Lee,2011
45,Charles Jenkins,2011
46,Josh Harrellson,2011
47,Andrew Goudelock,2011
50,Josh Selby,2011
51,Lavoy Allen,2011
54,DeAndre Liggins,2011
56,E'Twaun Moore,2011
61,Isaiah Thomas,2011
0,Anthony Davis,2012
1,Michael Kidd-Gilchrist,2012
2,Bradley Beal,2012
3,Dion Waiters,2012
4,Thomas Robinson,2012
5,Damian Lillard,2012
6,Harrison Barnes,2012
7,Terrence Ross,2012
8,Andre Drummond,2012
9,Austin Rivers,2012
10,Meyers Leonard,2012
11,Jeremy Lamb,2012
12,Kendall Marshall,2012
13,John Henson,2012
14,Maurice Harkless,2012
16,Tyler Zeller,2012
17,Terrence Jones,2012
18,Andrew Nicholson,2012
20,Jared Sullinger,2012
22,John Jenkins,2012
23,Jared Cunningham,2012
24,Tony Wroten,2012
27,Perry Jones,2012
28,Marquis Teague,2012
31,Player,2012
32,Jeff Taylor,2012
34,Bernard James,2012
35,Jae Crowder,2012
36,Draymond Green,2012
37,Orlando Johnson,2012
38,Quincy Acy,2012
39,Quincy Miller,2012
40,Khris Middleton,2012
41,Will Barton,2012
42,Tyshawn Taylor,2012
43,Doron Lamb,2012
44,Mike Scott,2012
45,Kim English,2012
46,Justin Hamilton,2012
47,Darius Miller,2012
50,Kyle O'Quinn,2012
52,Kris Joseph,2012
56,Darius Johnson-Odom,2012
59,Robbie Hummel,2012
61,Robert Sacre,2012
0,Anthony Bennett,2013
1,Victor Oladipo,2013
2,Otto Porter Jr.,2013
3,Cody Zeller,2013
4,Alex Len,2013
5,Nerlens Noel,2013
6,Ben McLemore,2013
7,Kentavious Caldwell-Pope,2013
8,Trey Burke,2013
9,CJ McCollum,2013
10,Michael Carter-Williams,2013
11,Steven Adams,2013
12,Kelly Olynyk,2013
13,Shabazz Muhammad,2013
17,Shane Larkin,2013
19,Tony Snell,2013
20,Gorgui Dieng,2013
21,Mason Plumlee,2013
22,Solomon Hill,2013
23,Tim Hardaway Jr.,2013
24,Reggie Bullock,2013
25,Andre Roberson,2013
28,Archie Goodwin,2013
31,Player,2013
32,Allen Crabbe,2013
34,Carrick Felix,2013
35,Isaiah Canaan,2013
36,Glen Rice Jr.,2013
37,Ray McCallum,2013
38,Tony Mitchell,2013
39,Nate Wolters,2013
40,Jeff Withey,2013
41,Grant Jerrett,2013
42,Jamaal Franklin,2013
43,Pierre Jackson,2013
44,Ricky Ledo,2013
45,Mike Muscala,2013
47,Erick Green,2013
49,Ryan Kelly,2013
51,James Ennis III,2013
53,Lorenzo Brown,2013
57,Peyton Siva,2013
0,Andrew Wiggins,2014
1,Jabari Parker,2014
2,Joel Embiid,2014
3,Aaron Gordon,2014
5,Marcus Smart,2014
6,Julius Randle,2014
7,Nik Stauskas,2014
8,Noah Vonleh,2014
9,Elfrid Payton,2014
10,Doug McDermott,2014
12,Zach LaVine,2014
13,T.J. Warren,2014
14,Adreian Payne,2014
16,James Young,2014
17,Tyler Ennis,2014
18,Gary Harris,2014
20,Mitch McGary,2014
21,Jordan Adams,2014
22,Rodney Hood,2014
23,Shabazz Napier,2014
25,P.J. Hairston,2014
27,C.J. Wilcox,2014
28,Josh Huestis,2014
29,Kyle Anderson,2014
31,Player,2014
33,K.J. McDaniels,2014
34,Joe Harris,2014
35,Cleanthony Early,2014
37,Johnny O'Bryant,2014
39,Spencer Dinwiddie,2014
40,Jerami Grant,2014
41,Glenn Robinson III,2014
43,Nick Johnson,2014
45,Markel Brown,2014
46,Dwight Powell,2014
47,Jordan Clarkson,2014
48,Russ Smith,2014
49,Lamar Patterson,2014
50,Cameron Bairstow,2014
56,Semaj Christon,2014
57,Devyn Marble,2014
59,Jordan McRae,2014
61,Cory Jefferson,2014
0,Karl-Anthony Towns,2015
1,D'Angelo Russell,2015
2,Jahlil Okafor,2015
5,Willie Cauley-Stein,2015
7,Stanley Johnson,2015
8,Frank Kaminsky,2015
9,Justise Winslow,2015
10,Myles Turner,2015
11,Trey Lyles,2015
12,Devin Booker,2015
13,Cameron Payne,2015
14,Kelly Oubre Jr.,2015
15,Terry Rozier,2015
16,Rashad Vaughn,2015
17,Sam Dekker,2015
18,Jerian Grant,2015
19,Delon Wright,2015
20,Justin Anderson,2015
21,Bobby Portis,2015
22,Rondae Hollis-Jefferson,2015
23,Tyus Jones,2015
24,Jarell Martin,2015
26,Larry Nance Jr.,2015
27,R.J. Hunter,2015
28,Chris McCullough,2015
29,Kevon Looney,2015
31,Player,2015
33,Montrezl Harrell,2015
34,Jordan Mickey,2015
35,Anthony Brown,2015
38,Richaun Holmes,2015
39,Darrun Hilliard,2015
41,Josh Richardson,2015
42,Pat Connaughton,2015
44,Joe Young,2015
45,Andrew Harrison,2015
47,Norman Powell,2015
0,Ben Simmons,2016
1,Brandon Ingram,2016
2,Jaylen Brown,2016
4,Kris Dunn,2016
5,Buddy Hield,2016
6,Jamal Murray,2016
7,Marquese Chriss,2016
8,Jakob Poeltl,2016
10,Domantas Sabonis,2016
11,Taurean Prince,2016
13,Denzel Valentine,2016
16,Wade Baldwin,2016
17,Henry Ellenson,2016
18,Malik Beasley,2016
19,Caris LeVert,2016
20,DeAndre' Bembry,2016
21,Malachi Richardson,2016
24,Brice Johnson,2016
26,Pascal Siakam,2016
27,Skal Labissière,2016
28,Dejounte Murray,2016
29,Damian Jones,2016
31,Player,2016
32,Deyonta Davis,2016
34,Cheick Diallo,2016
35,Tyler Ulis,2016
37,Malcolm Brogdon,2016
39,Patrick McCaw,2016
43,Isaiah Whitehead,2016
46,Demetrius Jackson,2016
47,A.J. Hammons,2016
48,Jake Layman,2016
50,Michael Gbinije,2016
51,Georges Niang,2016
53,Joel Bolomboy,2016
55,Kay Felder,2016
56,Marcus Paige,2016
57,Daniel Hamilton,2016
59,Abdel Nader,2016
61,Tyrone Wallace,2016
0,Markelle Fultz,2017
1,Lonzo Ball,2017
2,Jayson Tatum,2017
3,Josh Jackson,2017
4,De'Aaron Fox,2017
5,Jonathan Isaac,2017
6,Lauri Markkanen,2017
8,Dennis Smith Jr.,2017
9,Zach Collins,2017
10,Malik Monk,2017
11,Luke Kennard,2017
12,Donovan Mitchell,2017
13,Bam Adebayo,2017
14,Justin Jackson,2017
15,Justin Patton,2017
16,D.J. Wilson,2017
17,T.J. Leaf,2017
18,John Collins,2017
19,Harry Giles,2017
21,Jarrett Allen,2017
22,OG Anunoby,2017
23,Tyler Lydon,2017
25,Caleb Swanigan,2017
26,Kyle Kuzma,2017
27,Tony Bradley,2017
28,Derrick White,2017
29,Josh Hart,2017
31,Player,2017
32,Frank Jackson,2017
33,Davon Reed,2017
34,Wes Iwundu,2017
35,Frank Mason III,2017
36,Ivan Rabb,2017
38,Semi Ojeleye,2017
39,Jordan Bell,2017
40,Jawun Evans,2017
41,Dwayne Bacon,2017
42,Tyler Dorsey,2017
43,Thomas Bryant,2017
45,Damyean Dotson,2017
46,Dillon Brooks,2017
47,Sterling Brown,2017
49,Sindarius Thornwell,2017
52,Monte Morris,2017
53,Edmond Sumner,2017
54,Kadeem Allen,2017
55,Alec Peters,2017
56,Nigel Williams-Goss,2017
57,Jabari Bird,2017
60,Jaron Blossomgame,2017
0,Deandre Ayton,2018
1,Marvin Bagley III,2018
3,Jaren Jackson Jr.,2018
4,Trae Young,2018
5,Mo Bamba,2018
6,Wendell Carter Jr.,2018
7,Collin Sexton,2018
8,Kevin Knox,2018
9,Mikal Bridges,2018
10,Shai Gilgeous-Alexander,2018
11,Miles Bridges,2018
12,Jerome Robinson,2018
13,Michael Porter Jr.,2018
14,Troy Brown Jr.,2018
15,Zhaire Smith,2018
16,Donte DiVincenzo,2018
17,Lonnie Walker IV,2018
18,Kevin Huerter,2018
19,Josh Okogie,2018
20,Grayson Allen,2018
21,Chandler Hutchison,2018
22,Aaron Holiday,2018
24,Moritz Wagner,2018
25,Landry Shamet,2018
26,Robert Williams,2018
27,Jacob Evans,2018
29,Omari Spellman,2018
31,Player,2018
33,Jevon Carter,2018
34,Jalen Brunson,2018
35,Devonte' Graham,2018
36,Melvin Frazier,2018
38,Gary Trent Jr.,2018
39,Khyri Thomas,2018
42,Jarred Vanderbilt,2018
43,Bruce Brown,2018
46,Hamidou Diallo,2018
47,De'Anthony Melton,2018
48,Svi Mykhailiuk,2018
49,Keita Bates-Diop,2018
50,Chimezie Metu,2018
51,Alize Johnson,2018
54,Devon Hall,2018
55,Shake Milton,2018
57,Ray Spalding,2018
59,Thomas Welsh,2018
60,George King,2018
0,Zion Williamson,2019
1,Ja Morant,2019
2,RJ Barrett,2019
3,De'Andre Hunter,2019
4,Darius Garland,2019
5,Jarrett Culver,2019
6,Coby White,2019
7,Jaxson Hayes,2019
8,Rui Hachimura,2019
9,Cam Reddish,2019
10,Cameron Johnson,2019
11,P.J. Washington,2019
12,Tyler Herro,2019
13,Romeo Langford,2019
15,Chuma Okeke,2019
16,Nickeil Alexander-Walker,2019
19,Matisse Thybulle,2019
20,Brandon Clarke,2019
21,Grant Williams,2019
23,Ty Jerome,2019
24,Nassir Little,2019
25,Dylan Windler,2019
26,Mfiondu Kabengele,2019
27,Jordan Poole,2019
28,Keldon Johnson,2019
29,Kevin Porter Jr.,2019
31,Player,2019
32,Nic Claxton,2019
33,KZ Okpala,2019
34,Carsen Edwards,2019
35,Bruno Fernando,2019
37,Cody Martin,2019
39,Daniel Gafford,2019
41,Justin James,2019
42,Eric Paschall,2019
43,Admiral Schofield,2019
44,Jaylen Nowell,2019
45,Bol Bol,2019
46,Isaiah Roby,2019
47,Talen Horton-Tucker,2019
48,Ignas Brazdeikis,2019
49,Terance Mann,2019
50,Quinndary Weatherspoon,2019
51,Jarrell Brantley,2019
52,Tremont Waters,2019
53,Jalen McDaniels,2019
54,Justin Wright-Foreman,2019
55,Marial Shayok,2019
56,Kyle Guy,2019
59,Miye Oni,2019
60,Dewan Hernandez,2019
0,Anthony Edwards,2020
1,James Wiseman,2020
3,Patrick Williams,2020
4,Isaac Okoro,2020
5,Onyeka Okongwu,2020
7,Obi Toppin,2020
9,Jalen Smith,2020
10,Devin Vassell,2020
11,Tyrese Haliburton,2020
12,Kira Lewis Jr.,2020
13,Aaron Nesmith,2020
14,Cole Anthony,2020
15,Isaiah Stewart,2020
17,Josh Green,2020
18,Saddiq Bey,2020
19,Precious Achiuwa,2020
20,Tyrese Maxey,2020
21,Zeke Nnaji,2020
24,Immanuel Quickley,2020
25,Payton Pritchard,2020
27,Jaden McDaniels,2020
28,Malachi Flynn,2020
29,Desmond Bane,2020
31,Player,2020
32,Tyrell Terry,2020
33,Vernon Carey Jr.,2020
34,Daniel Oturu,2020
36,Xavier Tillman Sr.,2020
37,Tyler Bey,2020
39,Saben Lee,2020
40,Elijah Hughes,2020
41,Robert Woodard II,2020
42,Tre Jones,2020
43,Nick Richards,2020
44,Jahmi'us Ramsey,2020
46,Jordan Nwora,2020
47,CJ Elleby,2020
49,Nico Mannion,2020
50,Isaiah Joe,2020
51,Skylar Mays,2020
54,Cassius Winston,2020
55,Cassius Stanley,2020
56,Jay Scrubb,2020
58,Reggie Perry,2020
59,Paul Reed,2020
60,Jalen Harris,2020
61,Sam Merrill,2020
0,Cade Cunningham,2021
2,Evan Mobley,2021
3,Scottie Barnes,2021
4,Jalen Suggs,2021
7,Franz Wagner,2021
8,Davion Mitchell,2021
9,Ziaire Williams,2021
10,James Bouknight,2021
11,Joshua Primo,2021
12,Chris Duarte,2021
13,Moses Moody,2021
14,Corey Kispert,2021
16,Trey Murphy III,2021
17,Tre Mann,2021
18,Kai Jones,2021
19,Jalen Johnson,2021
20,Keon Johnson,2021
21,Isaiah Jackson,2021
23,Josh Christopher,2021
24,Quentin Grimes,2021
25,Bones Hyland,2021
26,Cam Thomas,2021
27,Jaden Springer,2021
28,Day'Ron Sharpe,2021
29,Santi Aldama,2021
31,Player,2021
33,Jeremiah Robinson-Earl,2021
34,Jason Preston,2021
36,Herbert Jones,2021
37,Miles McBride,2021
38,JT Thor,2021
39,Ayo Dosunmu,2021
41,Jared Butler,2021
42,Joe Wieskamp,2021
43,Isaiah Livers,2021
44,Greg Brown III,2021
45,Kessler Edwards,2021
47,Dalano Banton,2021
52,Brandon Boston Jr.,2021
53,Luka Garza,2021
54,Charles Bassey,2021
55,Sandro Mamukelashvili,2021
56,Aaron Wiggins,2021
59,Jericho Sims,2021
60,RaiQuan Gray,2021
0,Paolo Banchero,2022
1,Chet Holmgren,2022
2,Jabari Smith Jr.,2022
3,Keegan Murray,2022
4,Jaden Ivey,2022
5,Bennedict Mathurin,2022
6,Shaedon Sharpe,2022
8,Jeremy Sochan,2022
9,Johnny Davis,2022
11,Jalen Williams,2022
12,Jalen Duren,2022
13,Ochai Agbaji,2022
15,AJ Griffin,2022
16,Tari Eason,2022
17,Dalen Terry,2022
18,Jake LaRavia,2022
19,Malaki Branham,2022
20,Christian Braun,2022
21,Walker Kessler,2022
22,David Roddy,2022
24,Blake Wesley,2022
25,Wendell Moore Jr.,2022
27,Patrick Baldwin Jr.,2022
28,TyTy Washington Jr.,2022
29,Peyton Watson,2022
31,Player,2022
32,Andrew Nembhard,2022
33,Caleb Houstan,2022
34,Christian Koloko,2022
35,Jaylin Williams,2022
36,Max Christie,2022
39,Kennedy Chandler,2022
41,Bryce McGowens,2022
42,E.J. Liddell,2022
44,Moussa Diabaté,2022
45,Ryan Rollins,2022
46,Josh Minott,2022
48,Vince Williams Jr.,2022
49,Kendall Brown,2022
50,Isaiah Mobley,2022
52,Tyrese Martin,2022
54,JD Davison,2022
58,Jabari Walker,2022
